blog,image_url,title,author
,https://www.zyte.com/blog/why-are-rotating-proxies-important/,Rotating proxies and why they are important,By Neha Setia Nagpal
Blog,https://www.zyte.com/blog/why-are-rotating-proxies-important/,Rotating proxies and why they are important,By Neha Setia Nagpal
Blog,https://www.zyte.com/blog/web-scraping-best-pint-of-guinness-dublin/,St Patrick’s day special: Finding Dublin’s best pint of Guinness with web scraping,By Neha Setia Nagpal
Blog,https://www.zyte.com/blog/how-to-scrape-blogs-guide/,A quick guide on how to scrape blog posts,By Himanshi Bhatt
Blog,https://www.zyte.com/blog/proxies-for-web-scraping/,Why you need proxies for web scraping,By Neha Setia Nagpal
Blog,https://www.zyte.com/blog/scraping-customer-reviews/,Understanding the value of scraping customer reviews,By Himanshi Bhatt
Blog,https://www.zyte.com/blog/zyte-named-as-one-of-deloitte-technology-fast-50/,Zyte named as one of Deloitte Technology Fast 50,By Sarah Lang
Blog,https://www.zyte.com/blog/how-to-extract-data-from-an-html-table/,How to extract data from an HTML table,By Pawel Miech
Blog,https://www.zyte.com/blog/what-is-a-proxy-server-and-how-do-they-work/,What is a proxy server and how do they work?,By Roy Healy
Blog,https://www.zyte.com/blog/extract-summit-2021-highlights-and-key-takeaways/,Extract Summit 2021: Highlights and key takeaways,By Sarah Lang
Blog,https://www.zyte.com/blog/how-does-a-headless-browser-help-with-web-scraping-and-data-extraction/,How does a headless browser help with web scraping and data extraction?,By Pawel Miech
,https://www.zyte.com/blog/why-are-rotating-proxies-important/,Rotating proxies and why they are important,By Neha Setia Nagpal
Blog,https://www.zyte.com/blog/proxies-versus-vpns-whats-the-difference-and-which-one-is-right-for-my-use-case/,"Proxies versus VPNs: What’s the difference, and which one is right for my use case?",By John Campbell
Blog,https://www.zyte.com/blog/manage-bans-and-get-your-data-zyte-data-api/,Manage bans and get your data with Zyte Data API Smart Browser,By Akshay Philar
Blog,https://www.zyte.com/blog/how-to-reduce-noise-in-the-data-through-data-parsing/,How to reduce noise in the data through data parsing,By Julio Cesar Batista
Blog,https://www.zyte.com/blog/what-is-web-data-harvesting/,What is web data harvesting?,By Himanshi Bhatt
Blog,https://www.zyte.com/blog/measuring-web-product-data-quality-against-the-competition/,In pursuit of perfection: measuring web product data quality,By Shane Evans
Blog,https://www.zyte.com/blog/web-data-extraction-summit-2021/,Web Data Extraction Summit 2021,By Himanshi Bhatt
Blog,https://www.zyte.com/blog/residential-proxies-how-are-they-different-to-data-center-proxies-how-to-manage-them/,Residential Proxies: How are they different to data center proxies & how to manage them,By John Campbell
Blog,https://www.zyte.com/blog/zyte-developers-community-newsletter-issue-10/,Zyte Developers Community newsletter issue #10,By Himanshi Bhatt
Blog,https://www.zyte.com/blog/what-is-data-mining/,What is data mining? How is it different from web scraping?,By Sarah Lang
Blog,https://www.zyte.com/blog/zyte-developers-community-newsletter-issue-9/,Zyte Developers Community newsletter issue #9,By Himanshi Bhatt
,https://www.zyte.com/blog/why-are-rotating-proxies-important/,Rotating proxies and why they are important,By Neha Setia Nagpal
Blog,https://www.zyte.com/blog/how-scrapy-makes-web-crawling-easy/,How Scrapy makes web crawling easy,By Attila Toth
Blog,https://www.zyte.com/blog/how-to-extract-data-from-a-website/,How to extract data from a website?,By Sarah Lang
Blog,https://www.zyte.com/blog/zyte-developers-community-newsletter-issue-8/,Zyte Developers Community newsletter issue #8,By Himanshi Bhatt
Blog,https://www.zyte.com/blog/scale-up-your-scrapy-projects-with-zyte-smart-proxy-manager-formerly-crawlera/,Scale up your Scrapy projects with Smart Proxy Manager,By John Campbell
Blog,https://www.zyte.com/blog/zyte-developers-community-newsletter-issue-7/,Zyte Developers Community newsletter issue #7,By Himanshi Bhatt
Blog,https://www.zyte.com/blog/van-buren-a-victory-for-web-scrapers/,Van Buren: A victory for web scrapers,By Victoria Vlahoyiannis
Blog,https://www.zyte.com/blog/zyte-developers-community-newsletter-issue-6/,Zyte Developers Community newsletter issue #6,By Himanshi Bhatt
Blog,https://www.zyte.com/blog/how-web-data-can-fuel-your-dynamic-pricing-strategy/,How web data can help fuel your dynamic pricing strategy,By Himanshi Bhatt
Blog,https://www.zyte.com/blog/zyte-developers-community-newsletter-issue-5/,Zyte Developers Community newsletter issue #5,By Himanshi Bhatt
Blog,https://www.zyte.com/blog/extract-json-using-chompjs-and-jmespath/,Extract JSONs like a pro with chompjs and JMESPath,By Roy Healy
,https://www.zyte.com/blog/why-are-rotating-proxies-important/,Rotating proxies and why they are important,By Neha Setia Nagpal
Blog,https://www.zyte.com/blog/news-api-blog-importance-of-article-quality/,Extracting article & news data: The importance of data quality,By Alexandra Harris
Blog,https://www.zyte.com/blog/zyte-developers-community-newsletter-issue-4/,Zyte Developers Community newsletter issue #4,By Attila Toth
Blog,https://www.zyte.com/blog/extract-summit-2021-come-join-the-web-data-revolution/,Extract Summit 2021 - come join the web data revolution,By Marie Moynihan
Blog,https://www.zyte.com/blog/alternative-data-for-hedge-funds-portfolio-management/,Alternative data for hedge funds & portfolio management,By John Campbell
Blog,https://www.zyte.com/blog/the-importance-of-web-data-and-how-to-easily-access-it/,The importance of web data and how to easily access it,By Alexandra Harris
Blog,https://www.zyte.com/blog/dateparser-a-powerful-date-parsing-library/,Dateparser: A little but powerful date parsing library,By Marc Hernandez Cabot
Blog,https://www.zyte.com/blog/zyte-developers-community-newsletter-issue-3/,Zyte Developers Community newsletter issue #3,By Attila Toth
Blog,https://www.zyte.com/blog/zyte-developers-community-newsletter-issue-2/,Zyte Developers Community newsletter issue #2,By Attila Toth
Blog,https://www.zyte.com/blog/zyte-developers-community-newsletter-issue-1/,Zyte Developers Community newsletter issue #1,By Attila Toth
Blog,https://www.zyte.com/blog/insurance-credit-scoring-enhanced-with-alternative-data/,Insurance & credit scoring with alternative data,By John Campbell
,https://www.zyte.com/blog/why-are-rotating-proxies-important/,Rotating proxies and why they are important,By Neha Setia Nagpal
Blog,https://www.zyte.com/blog/launching-the-zyte-developers-community/,Launching the Zyte Developers Community,By Attila Toth
Blog,https://www.zyte.com/blog/automatic-extraction-data-extractor-review/,Automatic Extraction: Better web data with less hassle,By Alexandra Harris
Blog,https://www.zyte.com/blog/scrapy-update-better-broad-crawl-performance/,Scrapy update: Better broad crawl performance,By Nikita Vostretsov
Blog,https://www.zyte.com/blog/scrapinghub-is-now-zyte/,"Hi, we’re Zyte!",By Shane Evans
Blog,https://www.zyte.com/blog/press-release-scrapinghub-is-now-zyte/,Irish data extraction innovator unveils new name – and new AI-powered Automatic Extraction service,By Marie Moynihan
Blog,https://www.zyte.com/blog/large-scale-web-scraping/,Large scale web scraping,By Attila Toth
Blog,https://www.zyte.com/blog/announcing-the-web-data-extraction-summit-2020/,Announcing The Web Data Extraction Summit 2020,By Himanshi Bhatt
Blog,https://www.zyte.com/blog/a-practical-guide-to-web-data-qa-part-v-broad-crawls/,A practical guide to web data QA part V: Broad crawls,By Ivan Ivanov
Blog,https://www.zyte.com/blog/web-data-extraction-summit-2020/,Announcing the Web Data Extraction Summit 2020,By Himanshi Bhatt
Blog,https://www.zyte.com/blog/news-article-data-extraction-open-source-vs-closed-source-solutions/,News & article data extraction: Open source vs closed source solutions,By Attila Toth
,https://www.zyte.com/blog/why-are-rotating-proxies-important/,Rotating proxies and why they are important,By Neha Setia Nagpal
Blog,https://www.zyte.com/blog/a-practical-guide-to-web-data-qa-part-iv-complementing-semi-automated-techniques/,A practical guide to web data QA part IV: Complementing semi-automated techniques,By Ivan Ivanov
Blog,https://www.zyte.com/blog/web-scraping-real-estate-data-use-cases/,Real estate: Use web data extraction to make smarter decisions,By Attila Toth
Blog,https://www.zyte.com/blog/scrapy-cloud-secrets-hub-crawl-frontier-and-how-to-use-it/,Scrapy Cloud secrets: Hub Crawl Frontier and how to use it,By Julio Cesar Batista
Blog,https://www.zyte.com/blog/blog-comments-api-beta-release/,Blog comments API (BETA): Extract blog comment data at scale,By John Campbell
Blog,https://www.zyte.com/blog/price-intelligence-questions-answered/,Your price intelligence questions answered,By Himanshi Bhatt
Blog,https://www.zyte.com/blog/data-center-proxies-vs-residential-proxies/,Data center proxies vs. residential proxies,By Attila Toth
Blog,https://www.zyte.com/blog/how-to-get-high-success-rates-with-proxies-3-steps-to-scale-up/,How to get high success rates with proxies: 3 steps to scale up,By Attila Toth
Blog,https://www.zyte.com/blog/job-postings-api-stable-release/,Zyte Automatic Extraction job postings API: Stable release,By John Campbell
Blog,https://www.zyte.com/blog/web-scraping-basics-tools/,Web scraping basics: A developer’s guide to reliably extract data,By Attila Toth
Blog,https://www.zyte.com/blog/price-gouging-or-economics-at-work-price-intelligence-to-track-consumer-sentiment/,Price gouging or economics at work: Price intelligence to track consumer sentiment,By Robert Cosgrave
,https://www.zyte.com/blog/why-are-rotating-proxies-important/,Rotating proxies and why they are important,By Neha Setia Nagpal
Blog,https://www.zyte.com/blog/web-data-qa-part-iii-combining-manual-and-automated-techniques-for-holistic-data-validation/,A practical guide to web data QA part III: Holistic data validation techniques,By Ivan Ivanov
Blog,https://www.zyte.com/blog/product-reviews-api-beta-extract-product-reviews-at-scale/,Product reviews API (beta): Extract product reviews at scale,By Attila Toth
Blog,https://www.zyte.com/blog/extract-articles-at-scale-designing-a-web-scraping-solution/,Custom crawling & News API: designing a web scraping solution,By Julio Cesar Batista
Blog,https://www.zyte.com/blog/vehicle-api-launch/,Vehicle API (beta): Extract automotive data at scale,By Attila Toth
Blog,https://www.zyte.com/blog/web-data-qa-common-validation-pitfalls/,A practical guide to web data extraction QA part II: Common validation pitfalls,By Ivan Ivanov
Blog,https://www.zyte.com/blog/transitioning-to-remote-working-as-a-company/,Transitioning to remote working as a company,By Shane Evans
Blog,https://www.zyte.com/blog/guide-to-web-data-extraction-qa-validation-techniques/,A practical guide to web data QA part I: Validation techniques,By Ivan Ivanov
Blog,https://www.zyte.com/blog/covid-19-handling-the-situation-as-a-fully-remote-company/,COVID-19: Handling the situation as a fully remote company,By Suzanne Hassett
Blog,https://www.zyte.com/blog/extracting-clean-article-html-with-autoextract/,Extracting clean article HTML with news API,By Ivan de Prado Alonso
Blog,https://www.zyte.com/blog/job-postings-at-scale-beta-api/,Job postings beta API: Extract job postings at scale,By Attila Toth
,https://www.zyte.com/blog/why-are-rotating-proxies-important/,Rotating proxies and why they are important,By Neha Setia Nagpal
Blog,https://www.zyte.com/blog/building-spiders-made-easy-gui-for-your-scrapy-shell/,Building spiders made easy: GUI for your Scrapy shell,By Roy Healy
Blog,https://www.zyte.com/blog/how-to-scrape-the-web-without-getting-blocked/,How to scrape the web without getting blocked,By Attila Toth
Blog,https://www.zyte.com/blog/news-web-data-extraction-to-predict-irish-election-results/,News web data extraction to predict Irish election results,By Cristi Constantin
Blog,https://www.zyte.com/blog/introducing-zyte-smart-proxy-manager-crawlera-free-trials-new-plans/,Introducing Zyte Smart Proxy Manager (formerly Crawlera) — free trials & new plans,By Pablo Hoffman
Blog,https://www.zyte.com/blog/recruitment-tips-to-find-top-talent/,Best recruitment tips: How to scout top talent,By Eric Burke
Blog,https://www.zyte.com/blog/looking-back-at-2019/,Looking back at 2019,By Attila Toth
Blog,https://www.zyte.com/blog/how-to-use-a-proxy-in-puppeteer/,How to use a proxy in Puppeteer,By Attila Toth
Blog,https://www.zyte.com/blog/how-to-leverage-alternative-data-in-asset-management/,How to leverage alternative data in asset management,By Marie Moynihan
Blog,https://www.zyte.com/blog/backconnect-proxy/,Backconnect proxy: Explanation & comparison to other proxies,By Attila Toth
Blog,https://www.zyte.com/blog/4-sectors-that-benefited-most-from-business-intelligence-software/,4 sectors that benefited most from business intelligence software,By Himanshi Bhatt
,https://www.zyte.com/blog/why-are-rotating-proxies-important/,Rotating proxies and why they are important,By Neha Setia Nagpal
Blog,https://www.zyte.com/blog/price-scraping-best-free-tool-to-scrape-prices/,Price scraping: The best free tool to scrape prices,By Attila Toth
Blog,https://www.zyte.com/blog/how-to-use-zyte-smart-proxy-manager-with-scrapy/,How to use Zyte Smart Proxy Manager (formerly Crawlera) with Scrapy,By Attila Toth
Blog,https://www.zyte.com/blog/scrapy-matplotlib-and-mysql-real-estate-data-analysis/,"Scrapy, Matplotlib, and MySQL: Real estate data analysis",By Attila Toth
Blog,https://www.zyte.com/blog/web-scraping-questions-answers-part-2/,Web scraping questions & answers part II,By Himanshi Bhatt
Blog,https://www.zyte.com/blog/scrapy-autoextract-api-integration/,Scrapy & Zyte Automatic Extraction API integration,By Attila Toth
Blog,https://www.zyte.com/blog/web-scraping-questions-answers-part-1/,Web scraping questions & answers part I,By Himanshi Bhatt
Blog,https://www.zyte.com/blog/price-intelligence-with-python-scrapy-sql-pandas/,"Price intelligence with Python: Scrapy, SQL, and Pandas",By Attila Toth
Blog,https://www.zyte.com/blog/the-web-data-extraction-summit-2019/,The Web Data Extraction Summit 2019,By Himanshi Bhatt
Blog,https://www.zyte.com/blog/news-data-extraction-at-scale-with-ai-powered-autoextract/,News data extraction at scale with AI-powered Zyte Automatic Extraction,By Attila Toth
Blog,https://www.zyte.com/blog/gain-a-competitive-edge-with-product-data/,Gain a competitive edge with product data,By Himanshi Bhatt
,https://www.zyte.com/blog/why-are-rotating-proxies-important/,Rotating proxies and why they are important,By Neha Setia Nagpal
Blog,https://www.zyte.com/blog/use-cases-for-online-public-sentiment-data/,Four use cases for online public sentiment data,By Himanshi Bhatt
Blog,https://www.zyte.com/blog/the-first-web-data-extraction-summit/,The first-ever Web Data Extraction Summit!,By Marie Moynihan
Blog,https://www.zyte.com/blog/python-requests-proxy/,Learn how to configure and utilize proxies with Python requests module,By Attila Toth
Blog,https://www.zyte.com/blog/scrapy-proxy/,How to set up a custom proxy in Scrapy?,By Attila Toth
Blog,https://www.zyte.com/blog/gdpr-public-personal-data-update/,GDPR update: Scraping public personal data,By Sanaea Daruwalla
Blog,https://www.zyte.com/blog/solution-architecture-part-5-designing-a-solution-estimating-resource-requirements/,Solution architecture part 5: Designing a well-optimized web scraping solution,By Colm Kenny
Blog,https://www.zyte.com/blog/solution-architecture-part-4-accessing-the-technical-feasibility-of-your-web-scraping-project/,Solution architecture part 4: Accessing the technical feasibility of your web scraping project,By Colm Kenny
Blog,https://www.zyte.com/blog/visual-web-scraping-tools-what-to-do-when-they-are-no-longer-fit-for-purpose/,Visual web scraping tools: What to do when they are no longer fit for purpose?,By Ian Kerins
Blog,https://www.zyte.com/blog/solution-architecture-part-3-conducting-a-web-scraping-legal-review/,Solution architecture part 3: Conducting a web scraping legal review,By Sanaea Daruwalla
Blog,https://www.zyte.com/blog/scrapyrt-turn-websites-into-real-time-apis/,ScrapyRT: Turn websites into real-time APIs,By Pawel Miech
,https://www.zyte.com/blog/why-are-rotating-proxies-important/,Rotating proxies and why they are important,By Neha Setia Nagpal
Blog,https://www.zyte.com/blog/web-data-analysis-exposing-nfl-player-salaries-with-python/,Web data analysis: Exposing NFL player salaries with Python,By Attila Toth
Blog,https://www.zyte.com/blog/artificial-intelligence-data-extraction-api/,From the creators of Scrapy: Artificial intelligence data extraction API,By Ian Kerins
Blog,https://www.zyte.com/blog/developer-data-extraction-api-for-product-article-extraction/,Zyte’s (formerly Scrapinghub) new AI-powered Automatic Extraction API for e-commerce & article extraction,By Ian Kerins
Blog,https://www.zyte.com/blog/web-scraping-requirement-gathering/,Solution architecture part 2: How to define the scope of your web scraping project,By Colm Kenny
Blog,https://www.zyte.com/blog/regulatory-compliance-for-alternative-web-scraped-financial-data/,Navigating compliance when extracting web scraped alternative data for finance,By Sanaea Daruwalla
Blog,https://www.zyte.com/blog/spidermon-the-secret-sauce-to-our-data-quality-guarantee/,Spidermon: Zyte's (formerly Scrapinghub) secret sauce to our data quality & reliability guarantee,By Ian Kerins
Blog,https://www.zyte.com/blog/spidermon-scrapy-spider-monitoring/,Meet Spidermon: Zyte's (formerly Scrapinghub) battle-tested spider monitoring library [now open-sourced],By Renne Rocha
Blog,https://www.zyte.com/blog/best-web-scraping-proxy-management-solution/,Proxy management: Should I build my proxy infrastructure in-house or use an off-the-shelf proxy solution?,By Ian Kerins
Blog,https://www.zyte.com/blog/sneak-peek-inside-zyte-smart-proxy-manager-crawlera/,A sneak peek inside Zyte Smart Proxy Manager (formerly Crawlera): The world’s smartest web scraping proxy network,By Pablo Hoffman
Blog,https://www.zyte.com/blog/the-zyte-smart-proxy-manager-crawlera-story/,Why we created Zyte Smart Proxy Manager (formerly Crawlera)?,By Pablo Hoffman
,https://www.zyte.com/blog/why-are-rotating-proxies-important/,Rotating proxies and why they are important,By Neha Setia Nagpal
Blog,https://www.zyte.com/blog/alternative-financial-data-quality/,The rise of web data in hedge fund decision making & the importance of data quality,By Ian Kerins
Blog,https://www.zyte.com/blog/gopro-study/,The predictive power of web scraped product data for institutional investors: A GoPro case study,By Ian Kerins
Blog,https://www.zyte.com/blog/challenges-enterprise-ecommerce-web-scraping-proxies/,The challenges e-commerce retailers face managing their web scraping proxies,By Ian Kerins
Blog,https://www.zyte.com/blog/looking-back-at-2018/,Looking back at 2018,By Ian Kerins
Blog,https://www.zyte.com/blog/gdpr-web-scraping-iiap-europe-data-protection-congress/,Do what is right not what is easy!,By Sanaea Daruwalla
Blog,https://www.zyte.com/blog/shubber-gettogether-2018/,Shubber GetTogether 2018,By Ian Kerins
Blog,https://www.zyte.com/blog/data-quality-assurance-for-enterprise-web-scraping/,Data quality assurance for enterprise web scraping,By Ian Kerins
Blog,https://www.zyte.com/blog/what-i-learned-as-a-google-summer-of-code-student-at-zyte/,What I learned as a Google Summer of Code student at Zyte (formerly Scrapinghub),By Chau Tung Lam Nguyen Bhatt
Blog,https://www.zyte.com/blog/web-scraping-gdpr-compliance-guide/,GDPR compliance for web scrapers: The step-by-step guide,By Sanaea Daruwalla
Blog,https://www.zyte.com/blog/price-intelligence-web-scraping-at-scale-100-billion-products/,Data for price intelligence: Lessons learned scraping 100 billion products pages,By Ian Kerins
,https://www.zyte.com/blog/why-are-rotating-proxies-important/,Rotating proxies and why they are important,By Neha Setia Nagpal
Blog,https://www.zyte.com/blog/a-sneak-peek-inside-what-hedge-funds-think-of-alternative-financial-data/,A sneak peek inside what hedge funds think of alternative financial data,By Ian Kerins
Blog,https://www.zyte.com/blog/fitbit-quarterly-revenue-web-scraped-product-data/,Want to predict Fitbit’s quarterly revenue? Eagle Alpha did it using web scraped product data,By Ian Kerins
Blog,https://www.zyte.com/blog/gdpr-compliance-tools-web-scraping-crawlers/,How data compliance companies are turning to web crawlers to take advantage of the GDPR business opportunity,By Ian Kerins
Blog,https://www.zyte.com/blog/looking-back-at-2017/,Looking back at 2017,By Scott Garcia
Blog,https://www.zyte.com/blog/a-faster-updated-scrapinghub-now-zyte/,"A faster, updated Scrapinghub (now Zyte)",By Scott Garcia
Blog,https://www.zyte.com/blog/scraping-the-steam-game-store-with-scrapy/,Scraping the Steam game store with Scrapy,By Ian Kerins
Blog,https://www.zyte.com/blog/do-androids-dream-of-electric-sheep/,Do Androids dream of electric sheep?,By Mikhail Korobov
Blog,https://www.zyte.com/blog/deploy-your-scrapy-spiders-from-github/,Deploy your Scrapy spiders from GitHub,By Valdir Stumm Junior
Blog,https://www.zyte.com/blog/looking-back-at-2016/,Looking back at 2016,By Cecilia Haynes
Blog,https://www.zyte.com/blog/how-to-increase-sales-with-online-reputation-management/,How to increase sales with online reputation management,By Cecilia Haynes
,https://www.zyte.com/blog/why-are-rotating-proxies-important/,Rotating proxies and why they are important,By Neha Setia Nagpal
Blog,https://www.zyte.com/blog/how-to-build-your-own-price-monitoring-tool/,How to build your own price monitoring tool,By Valdir Stumm Junior
Blog,https://www.zyte.com/blog/how-you-can-use-web-data-to-accelerate-your-startup/,How you can use web data to accelerate your startup,By Cecilia Haynes
Blog,https://www.zyte.com/blog/an-introduction-to-xpath-with-examples/,An introduction to XPath: How to get started,By Valdir Stumm Junior
Blog,https://www.zyte.com/blog/why-promoting-open-data-increases-economic-opportunities/,Why promoting open data increases economic opportunities,By Cecilia Haynes
Blog,https://www.zyte.com/blog/interview-how-up-hail-uses-scrapy-to-increase-transparency/,Interview: How Up Hail uses Scrapy to increase transparency,By Cecilia Haynes
Blog,https://www.zyte.com/blog/how-to-run-python-scripts-in-scrapy-cloud/,How to run Python scripts in Scrapy Cloud,By Valdir Stumm Junior
Blog,https://www.zyte.com/blog/embracing-the-future-of-work-how-to-communicate-remotely/,Embracing the future of work: How to communicate remotely,By Cecilia Haynes
Blog,https://www.zyte.com/blog/how-to-deploy-custom-docker-images-for-your-web-crawlers/,How to deploy custom docker images for your web crawlers,By Valdir Stumm Junior
Blog,https://www.zyte.com/blog/improved-frontera-web-crawling-at-scale-with-python-3-support/,Improved Frontera: Web crawling at scale with Python 3 support,By Sibiryakov Alexander
Blog,https://www.zyte.com/blog/how-to-crawl-the-web-politely-with-scrapy/,How to crawl the web politely with Scrapy,By Valdir Stumm Junior
,https://www.zyte.com/blog/why-are-rotating-proxies-important/,Rotating proxies and why they are important,By Neha Setia Nagpal
Blog,https://www.zyte.com/blog/introducing-scrapy-cloud-with-python-3-support/,Introducing Scrapy Cloud with Python 3 support,By Valdir Stumm Junior
Blog,https://www.zyte.com/blog/what-the-suicide-squad-tells-us-about-web-data/,What the Suicide Squad tells us about web data,By Cecilia Haynes
Blog,https://www.zyte.com/blog/this-month-in-open-source-at-scrapinghub-now-zyte-august-2016/,This month in open source at Scrapinghub (now Zyte) August 2016,By Marie Moynihan
Blog,https://www.zyte.com/blog/meet-parsel-the-selector-library-behind-scrapy/,Meet Parsel: The selector library behind Scrapy,By Valdir Stumm Junior
Blog,https://www.zyte.com/blog/scrapy-tips-from-the-pros-july-2016/,Incremental crawls with Scrapy and DeltaFetch,By Valdir Stumm Junior
Blog,https://www.zyte.com/blog/improving-access-to-peruvian-congress-bills-with-scrapy/,Improving access to Peruvian Congress bills with Scrapy,By Pablo Hoffman
Blog,https://www.zyte.com/blog/scrapely-the-brains-behind-portia-spiders/,Scrapely: The brains behind Portia spider,By Valdir Stumm Junior
Blog,https://www.zyte.com/blog/introducing-portia2code-portia-projects-into-scrapy-spiders/,Introducing Portia2Code: Portia projects into Scrapy spiders,By Valdir Stumm Junior
Blog,https://www.zyte.com/blog/scrapy-tips-from-the-pros-june-2016/,Scraping infinite scrolling pages,By Valdir Stumm Junior
Blog,https://www.zyte.com/blog/this-month-in-open-source-at-scrapinghub-now-zyte-june-2016/,This month in open source at Scrapinghub June 2016,By Cecilia Haynes
,https://www.zyte.com/blog/why-are-rotating-proxies-important/,Rotating proxies and why they are important,By Neha Setia Nagpal
Blog,https://www.zyte.com/blog/introducing-the-datasets-catalog/,Introducing the Datasets catalog,By Cecilia Haynes
Blog,https://www.zyte.com/blog/introducing-zyte-smart-proxy-manager-crawlera-dashboard/,Introducing the Zyte Smart Proxy Manager (formerly Crawlera) dashboard,By Cecilia Haynes
Blog,https://www.zyte.com/blog/data-extraction-with-scrapy-and-python/,Data extraction with Scrapy and Python 3,By Valdir Stumm Junior
Blog,https://www.zyte.com/blog/scrapy-tips-from-the-pros-may-2016-edition/,How to debug your Scrapy spiders,By Valdir Stumm Junior
Blog,https://www.zyte.com/blog/monkeylearn-addon-retail-classifier-tutorial/,Scrapy + MonkeyLearn: Textual analysis of web data,By Valdir Stumm Junior
Blog,https://www.zyte.com/blog/introducing-scrapy-cloud-2-0/,Introducing Scrapy Cloud 2.0,By Valdir Stumm Junior
Blog,https://www.zyte.com/blog/a-not-so-short-story-on-getting-decent-internet-access/,A (not so) short story on getting decent internet access,By agustin
Blog,https://www.zyte.com/blog/scrapy-tips-from-the-pros-april-2016-edition/,Scraping websites based on ViewStates with Scrapy,By Valdir Stumm Junior
Blog,https://www.zyte.com/blog/grow-your-data-with-monkeylearn-addon/,Machine learning with web scraping: New MonkeyLearn addon,By Cecilia Haynes
Blog,https://www.zyte.com/blog/how-to-become-a-whistleblower-from-panama-papers-to-open-data/,Mapping corruption in the Panama papers with open data,By Cecilia Haynes
,https://www.zyte.com/blog/why-are-rotating-proxies-important/,Rotating proxies and why they are important,By Neha Setia Nagpal
Blog,https://www.zyte.com/blog/web-scraping-to-create-open-data/,Web scraping to create open data,By Cecilia Haynes
Blog,https://www.zyte.com/blog/scrapy-tips-from-the-pros-march-2016-edition/,Scrapy tips from the pros: March 2016 edition,By Valdir Stumm Junior
Blog,https://www.zyte.com/blog/this-month-in-open-source-at-scrapinghub-now-zyte-march-2016/,This month in open source at Scrapinghub (now Zyte) March 2016,By Adrian Chaves
Blog,https://www.zyte.com/blog/join-scrapinghub-now-zyte-for-google-summer-of-code-2016/,Join Scrapinghub for Google Summer of Code 2016,By Cecilia Haynes
Blog,https://www.zyte.com/blog/how-web-scraping-is-revealing-lobbying-and-corruption-in-peru/,How web scraping is revealing lobbying and corruption in Peru,By Valdir Stumm Junior
Blog,https://www.zyte.com/blog/splash-2-0-here-with-qt-5-and-python-3/,Splash 2.0 is here with Qt 5 and Python 3,By Valdir Stumm Junior
Blog,https://www.zyte.com/blog/migrate-your-kimono-projects-to-portia/,Migrate your Kimono projects to Portia,By Valdir Stumm Junior
Blog,https://www.zyte.com/blog/scrapy-tips-from-the-pros-february-2016-edition/,Scrapy tips from the pros: February 2016 edition,By Valdir Stumm Junior
Blog,https://www.zyte.com/blog/portia-alternative-to-kimono/,Portia: The open-source alternative to Kimono labs,By Valdir Stumm Junior
Blog,https://www.zyte.com/blog/which-stores-are-guilty-of-price-inflation/,Web scraping finds stores guilty of price inflation,By Cecilia Haynes
,https://www.zyte.com/blog/why-are-rotating-proxies-important/,Rotating proxies and why they are important,By Neha Setia Nagpal
Blog,https://www.zyte.com/blog/python-3-support-with-scrapy-1/,Python 3 is coming to Scrapy,By Cecilia Haynes
Blog,https://www.zyte.com/blog/happy-anniversary-scrapinghub-now-zyte-turns-5/,Happy anniversary: Zyte (formerly Scrapinghub) turns 5,By Cecilia Haynes
Blog,https://www.zyte.com/blog/scrapy-tips-from-the-pros-part-1/,Scrapy tips from the pros: part 1,By Valdir Stumm Junior
Blog,https://www.zyte.com/blog/vizlegal-rise-of-machine-readable-laws-and-court-judgments/,Vizlegal: Rise of machine-readable laws and court judgments,By Sanaea Daruwalla
Blog,https://www.zyte.com/blog/christmas-eve-vs-new-years-eve-last-minute-price-inflation/,Christmas eve vs new year's eve: Last-minute price inflation?,By Cecilia Haynes
Blog,https://www.zyte.com/blog/looking-back-at-2015/,Looking back at 2015,By Cecilia Haynes
Blog,https://www.zyte.com/blog/winter-sales-showdown-black-friday-vs-cyber-monday-vs-green-monday/,Winter sales showdown: Black Friday vs Cyber Monday vs Green Monday,By Cecilia Haynes
Blog,https://www.zyte.com/blog/chats-with-rinar-solutions/,Chats with RINAR Solutions,By Cecilia Haynes
Blog,https://www.zyte.com/blog/black-friday-cyber-monday-are-they-worth-it/,"Black Friday, Cyber Monday: Are they worth it?",By Cecilia Haynes
Blog,https://www.zyte.com/blog/tips-for-creating-a-cohesive-company-culture-remotely/,Tips for creating a cohesive company culture remotely,By Cecilia Haynes
,https://www.zyte.com/blog/why-are-rotating-proxies-important/,Rotating proxies and why they are important,By Neha Setia Nagpal
Blog,https://www.zyte.com/blog/parse-natural-language-dates-with-dateparser/,Parse natural language dates with Dateparser,By Valdir Stumm Junior
Blog,https://www.zyte.com/blog/aduana-link-analysis-to-crawl-the-web-at-scale/,Aduana: Link analysis to crawl the web at scale,By Valdir Stumm Junior
Blog,https://www.zyte.com/blog/scrapy-on-the-road-to-python-3-support/,Scrapy on the road to Python 3 support,By Valdir Stumm Junior
Blog,https://www.zyte.com/blog/introducing-javascript-support-for-portia/,Introducing Javascript support for Portia,By Valdir Stumm Junior
Blog,https://www.zyte.com/blog/distributed-frontera-web-crawling-at-large-scale/,Distributed Frontera: Web crawling at scale,By Sibiryakov Alexander
Blog,https://www.zyte.com/blog/the-road-to-loading-javascript-in-portia/,The road to loading JavaScript in Portia,By Pablo Hoffman
Blog,https://www.zyte.com/blog/europython-2015/,EuroPython 2015,By Pablo Hoffman
Blog,https://www.zyte.com/blog/startupchats-remote-working/,StartupChats remote working Q&A,By Pablo Hoffman
Blog,https://www.zyte.com/blog/pycon-philippines-2015/,PyCon Philippines 2015,By Pablo Hoffman
Blog,https://www.zyte.com/blog/google-summer-of-code-2015/,Google Summer of Code 2015,By Pablo Hoffman
,https://www.zyte.com/blog/why-are-rotating-proxies-important/,Rotating proxies and why they are important,By Neha Setia Nagpal
Blog,https://www.zyte.com/blog/link-analysis-algorithms-explained/,Link analysis algorithms explained,By Valdir Stumm Junior
Blog,https://www.zyte.com/blog/europython-here-we-go/,"EuroPython, here we go!",By Valdir Stumm Junior
Blog,https://www.zyte.com/blog/aduana-link-analysis-with-frontera/,Aduana: Link analysis with Frontera,By Valdir Stumm Junior
Blog,https://www.zyte.com/blog/git-for-managing-vacations/,Using git to manage vacations in a large distributed team,By Pablo Hoffman
Blog,https://www.zyte.com/blog/gender-inequality-across-programming-languages/,Gender inequality across programming languages,By Pablo Hoffman
Blog,https://www.zyte.com/blog/traveling-tips-for-remote-workers/,Traveling tips for remote workers,By Marie Moynihan
Blog,https://www.zyte.com/blog/a-career-in-remote-working/,A career in remote working,By Marie Moynihan
Blog,https://www.zyte.com/blog/frontera-the-brain-behind-the-crawls/,Frontera: The brain behind the crawls,By Pablo Hoffman
Blog,https://www.zyte.com/blog/scrape-data-visually-with-portia-and-scrapy-cloud/,Scrape data visually with Portia and Scrapy Cloud,By Pablo Hoffman
Blog,https://www.zyte.com/blog/scrapinghub-now-zyte-remote-working-success-story/,Zyte (formerly Scrapinghub): A remote working success story,By Marie Moynihan
,https://www.zyte.com/blog/why-are-rotating-proxies-important/,Rotating proxies and why they are important,By Neha Setia Nagpal
Blog,https://www.zyte.com/blog/why-we-moved-to-slack/,Why we moved to Slack,By Pablo Hoffman
Blog,https://www.zyte.com/blog/history-of-zyte-formerly-scrapinghub/,The history of Scrapinghub,By Pablo Hoffman
Blog,https://www.zyte.com/blog/skinfer-a-tool-for-inferring-json-schemas/,Skinfer: A tool for inferring JSON schemas,By Valdir Stumm Junior
Blog,https://www.zyte.com/blog/handling-javascript-in-scrapy-with-splash/,Handling JavaScript in Scrapy with Splash,By Pablo Hoffman
Blog,https://www.zyte.com/blog/memex/,Scrapinghub (now Zyte) crawls the deep web,By Shane Evans
Blog,https://www.zyte.com/blog/new-changes-to-our-scrapy-cloud-platform/,New changes to our Scrapy cloud platform,By Pablo Hoffman
Blog,https://www.zyte.com/blog/introducing-scrapyrt-an-api-for-scrapy-spiders/,Introducing ScrapyRT: An API for Scrapy spiders,By Pablo Hoffman
Blog,https://www.zyte.com/blog/looking-back-at-2014/,Looking back at 2014,By Pablo Hoffman
Blog,https://www.zyte.com/blog/xpath-tips-from-the-web-scraping-trenches/,XPath tips from the web scraping trenches,By Valdir Stumm Junior
Blog,https://www.zyte.com/blog/introducing-data-reviews/,Introducing data reviews,By Valdir Stumm Junior
,https://www.zyte.com/blog/why-are-rotating-proxies-important/,Rotating proxies and why they are important,By Neha Setia Nagpal
Blog,https://www.zyte.com/blog/extracting-schema-org-microdata-using-scrapy-selectors-and-xpath/,Extracting schema.org microdata using Scrapy selectors and XPath,By Valdir Stumm Junior
Blog,https://www.zyte.com/blog/announcing-portia/,"Announcing Portia, the open-source visual web scraper!",By Shane Evans
Blog,https://www.zyte.com/blog/optimizing-memory-usage-of-scikit-learn-models-using-succinct-tries/,Optimizing memory usage of Scikit-Learn models using succinct tries,By Mikhail Korobov
Blog,https://www.zyte.com/blog/open-source-at-scrapinghub-now-zyte/,Open source at Zyte,By Pablo Hoffman
Blog,https://www.zyte.com/blog/looking-back-at-2013/,Looking back at 2013,By Shane Evans
Blog,https://www.zyte.com/blog/marcos-campal-is-a-scrapinghubber/,Marcos Campal is a ScrapingHubber!,By Pablo Hoffman
Blog,https://www.zyte.com/blog/introducing-dash/,Introducing Dash,By Shane Evans
Blog,https://www.zyte.com/blog/mongo-bad-for-scraped-data/,Why MongoDB is a bad choice for storing our scraped data,By Shane Evans
Blog,https://www.zyte.com/blog/introducing-crawlera-now-zyte-smart-proxy-manager/,"Introducing Crawlera (now Zyte Smart Proxy Manager), a smart page downloader",By Pablo Hoffman
Blog,https://www.zyte.com/blog/git-workflow-scrapy-projects/,Git workflow for Scrapy projects,By Pablo Hoffman
,https://www.zyte.com/blog/why-are-rotating-proxies-important/,Rotating proxies and why they are important,By Neha Setia Nagpal
Blog,https://www.zyte.com/blog/filling-login-forms-automatically/,How to fill login forms automatically,By Pablo Hoffman
Blog,https://www.zyte.com/blog/spiders-activity-graphs/,Spiders activity graphs,By Pablo Hoffman
Blog,https://www.zyte.com/blog/finding-similar-items/,Finding similar items,By Shane Evans
Blog,https://www.zyte.com/blog/scrapy-0-15-dropping-support-for-python-2-5/,Scrapy 0.15 dropping support for Python 2.5,By Pablo Hoffman
Blog,https://www.zyte.com/blog/autoscraping-casts-a-wider-net/,Autoscraping casts a wider net,By Shane Evans
Blog,https://www.zyte.com/blog/scrapy-0-14-released/,Scrapy 0.14 released,By Pablo Hoffman
Blog,https://www.zyte.com/blog/dirbot-a-new-example-scrapy-project/,Dirbot: A new example Scrapy project,By Pablo Hoffman
Blog,https://www.zyte.com/blog/introducing-w3lib-and-scrapely/,Introducing w3lib and scrapely,By Pablo Hoffman
Blog,https://www.zyte.com/blog/scrapy-0-12-released/,Scrapy 0.12 released,By Pablo Hoffman
Blog,https://www.zyte.com/blog/scrapy-tsocks/,Spoofing your Scrapy bot IP using tsocks,By Pablo Hoffman
,https://www.zyte.com/blog/why-are-rotating-proxies-important/,Rotating proxies and why they are important,By Neha Setia Nagpal
Blog,https://www.zyte.com/blog/hello-world/,"Hello, world",By Shane Evans
